"","V2_01","V2_02","V3_01","V3_02","V4_01","V4_02","V5_01","V5_02","V6_01","V6_02","V7_01","V7_02","V8_01","V8_02","V9_01","V9_02","V10_01","V10_02","V11_01","V11_02","V12_01","V12_02","V13_01","V13_02","V14_01","V14_02","V15_01","V15_02"
"1","bearing_degrees","200","coordinates","N1.20701 E37.62679","distance_meters","100","habitat_","open_scrub","how_many_animals_were_observed","4","observers","TW2","species_","giraffe","was_a_group_of_animals_observed","group_","was_the_animal_observed_as_road","alive","width_of_the_road","single_lane",NA,NA,NA,NA,NA,NA,NA,NA
"2","bearing_degrees","300","coordinates","N1.20195 E37.62064","distance_meters","20","habitat_","commiphora_dominated","observers","TW2 o","species_","gerenuk","was_a_group_of_animals_observed","individual","was_the_animal_observed_as_road","alive","width_of_the_road","single_lane",NA,NA,NA,NA,NA,NA,NA,NA,NA,NA
"3","bearing_degrees","10","coordinates","N1.18823 E37.59601","distance_meters","80","habitat_","open_scrub","observers","TW2","species_","bird","was_a_group_of_animals_observed","individual","was_the_animal_observed_as_road","alive","what_species_of_bird_was_observ","Ostrich","width_of_the_road","single_lane",NA,NA,NA,NA,NA,NA,NA,NA
"4","bearing_degrees","20","coordinates","N1.15642 E37.59455","distance_meters","180","habitat_","open_scrub","how_many_animals_were_observed","300","livestock","shoat","observers","TW2","species_","livestock","was_a_group_of_animals_observed","group_","was_the_animal_observed_as_road","alive","width_of_the_road","single_lane",NA,NA,NA,NA,NA,"objectid,
      editMode"
"5","bearing_degrees","300","coordinates","N1.14868 E37.59669","distance_meters","30","habitat_","open_scrub","how_many_animals_were_observed","7","livestock","cattle","observers","TW2","species_","livestock","was_a_group_of_animals_observed","group_","was_the_animal_observed_as_road","alive","width_of_the_road","single_lane",NA,NA,NA,NA,NA,"objectid,
      editMode"
"6","bearing_degrees","70","coordinates","N1.13874 E37.59910","distance_meters","200","habitat_","open_scrub","how_many_animals_were_observed","34","livestock","cattle","observers","TW2","species_","livestock","was_a_group_of_animals_observed","group_","was_the_animal_observed_as_road","alive","width_of_the_road","single_lane",NA,NA,NA,NA,NA,"objectid,
      editMode"
"7","bearing_degrees","20","coordinates","N1.11442 E37.59324","distance_meters","40","habitat_","disturbed_human_buildings","how_many_animals_were_observed","12","livestock","cattle","observers","TW2","species_","livestock","was_a_group_of_animals_observed","group_","was_the_animal_observed_as_road","alive","width_of_the_road","single_lane",NA,NA,NA,NA,NA,"objectid,
      editMode"
"8","approximate_age_of_individual","3","approximate_number_of_days_sinc","2","coordinates","N1.03003 E37.56321","habitat_","commiphora_dominated","observers","TW2","sex_of_animal","female","species_","jackal","was_the_animal_observed_as_road","roadkill","width_of_the_road","single_lane",NA,NA,NA,NA,NA,NA,NA,NA,NA,NA
"9","approximate_age_of_individual","null","approximate_number_of_days_sinc","null","bearing_degrees","40","coordinates","N1.97961 E37.57896","distance_meters","50","generated_note_survey","null","habitat_","mixed_shrubs_and_trees","how_many_animals_were_observed","null","livestock","null","observers","TW2","sex_of_animal","null","species_","gerenuk","was_a_group_of_animals_observed","individual","was_the_animal_observed_as_road","alive,
    what_species_of_bird_was_observ"
"10","bearing_degrees","20","coordinates","N0.85822 E37.56822","distance_meters","20","habitat_","dense_scrub","how_many_animals_were_observed","53","observers","TW2","species_","baboon","was_a_group_of_animals_observed","group_","was_the_animal_observed_as_road","alive","width_of_the_road","single_lane",NA,NA,NA,NA,NA,NA,NA,NA
"11","bearing_degrees","30","coordinates","N0.83642 E37.56413","distance_meters","40","habitat_","mixed_shrubs_and_trees","how_many_animals_were_observed","40","livestock","shoat","observers","TW2","species_","livestock","was_a_group_of_animals_observed","group_","was_the_animal_observed_as_road","alive","width_of_the_road","single_lane",NA,NA,NA,NA,NA,"objectid,
      editMode"
"12","approximate_age_of_individual","3","approximate_number_of_days_sinc","1","coordinates","N0.82991 E37.56109","habitat_","mixed_shrubs_and_trees","observers","TW2","sex_of_animal","female","species_","jackal","was_the_animal_observed_as_road","roadkill","width_of_the_road","single_lane",NA,NA,NA,NA,NA,NA,NA,NA,NA,NA
"13","bearing_degrees","230","coordinates","N0.77583 E37.55631","distance_meters","70","habitat_","seasonal_permanent_H2O_source","how_many_animals_were_observed","300","livestock","cattle","observers","TW2","species_","livestock","was_a_group_of_animals_observed","group_","was_the_animal_observed_as_road","alive","width_of_the_road","single_lane",NA,NA,NA,NA,NA,"objectid,
      editMode"
"14","approximate_age_of_individual","2","approximate_number_of_days_sinc","7","coordinates","N0.72859 E37.59412","habitat_","acacia _reficiens_dominated","observers","TW2","sex_of_animal","can_not_tell","species_","bat_eared_fox","was_the_animal_observed_as_road","roadkill","width_of_the_road","single_lane",NA,NA,NA,NA,NA,NA,NA,NA,NA,NA
"15","bearing_degrees","30","coordinates","N0.70794 E37.61197","distance_meters","50","habitat_","open_scrub","how_many_animals_were_observed","54","livestock","shoat","observers","TW2","species_","livestock","was_a_group_of_animals_observed","group_","was_the_animal_observed_as_road","alive","width_of_the_road","single_lane",NA,NA,NA,NA,NA,"objectid,
      editMode"
"16","bearing_degrees","120","coordinates","N0.68773 E37.63109","distance_meters","40","habitat_","open_scrub","how_many_animals_were_observed","5","livestock","cattle","observers","TW2","species_","livestock","was_a_group_of_animals_observed","group_","was_the_animal_observed_as_road","alive","width_of_the_road","single_lane",NA,NA,NA,NA,NA,"objectid,
      editMode"
"17","bearing_degrees","20","coordinates","N0.67482 E37.63942","distance_meters","40","habitat_","open_scrub","how_many_animals_were_observed","45","livestock","cattle","observers","TW2","species_","livestock","was_a_group_of_animals_observed","group_","was_the_animal_observed_as_road","alive","width_of_the_road","single_lane",NA,NA,NA,NA,NA,"objectid,
      editMode"
"18","bearing_degrees","340","coordinates","N0.66339 E37.64617","distance_meters","50","habitat_","disturbed_human_buildings","how_many_animals_were_observed","40","livestock","shoat","observers","TW2","species_","livestock","was_a_group_of_animals_observed","group_","was_the_animal_observed_as_road","alive","width_of_the_road","single_lane",NA,NA,NA,NA,NA,"objectid,
      editMode"
"19","bearing_degrees","70","coordinates","N0.64341 E37.65154","distance_meters","40","habitat_","open_scrub","how_many_animals_were_observed","70","livestock","shoat","observers","TW2","species_","livestock","was_a_group_of_animals_observed","group_","was_the_animal_observed_as_road","alive","width_of_the_road","single_lane",NA,NA,NA,NA,NA,"objectid,
      editMode"
"20","bearing_degrees","30","coordinates","N0.62708 E37.67400","distance_meters","100","how_many_animals_were_observed","70","livestock","shoat","observers","TW2","species_","livestock","was_a_group_of_animals_observed","group_","was_the_animal_observed_as_road","alive","width_of_the_road","single_lane",NA,NA,NA,NA,NA,NA,NA,NA
"21","bearing_degrees","350","coordinates","N0.60315 E37.67215","distance_meters","130","habitat_","open_scrub","how_many_animals_were_observed","3","observers","TW2","species_","elephant","was_a_group_of_animals_observed","group_","was_the_animal_observed_as_road","alive","width_of_the_road","single_lane",NA,NA,NA,NA,NA,NA,NA,NA
"22","bearing_degrees","320","coordinates","N0.59684 E37.67233","distance_meters","100","habitat_","seasonal_permanent_H2O_source","how_many_animals_were_observed","500","livestock","cattle","observers","TW2","species_","livestock","was_a_group_of_animals_observed","group_","was_the_animal_observed_as_road","alive","width_of_the_road","single_lane",NA,NA,NA,NA,NA,"objectid,
      editMode"
"23","bearing_degrees","50","coordinates","N0.58676 E37.67417","distance_meters","230","habitat_","mixed_shrubs_and_trees","how_many_animals_were_observed","150","livestock","shoat","observers","TW2","species_","livestock","was_a_group_of_animals_observed","group_","was_the_animal_observed_as_road","alive","width_of_the_road","single_lane",NA,NA,NA,NA,NA,"objectid,
      editMode"
"24","bearing_degrees","40","coordinates","N0.55883 E37.67589","distance_meters","60","habitat_","open_scrub","how_many_animals_were_observed","400","livestock","shoat","observers","TW2","species_","livestock","was_a_group_of_animals_observed","group_","was_the_animal_observed_as_road","alive","width_of_the_road","single_lane",NA,NA,NA,NA,NA,"objectid,
      editMode"
"25","bearing_degrees","40","coordinates","N0.52424 E37.65524","distance_meters","70","habitat_","open_scrub","how_many_animals_were_observed","40","livestock","shoat","observers","TW2","species_","livestock","was_a_group_of_animals_observed","group_","was_the_animal_observed_as_road","alive","width_of_the_road","single_lane",NA,NA,NA,NA,NA,"objectid,
      editMode"
"26","bearing_degrees","40","coordinates","N0.51938 E37.65231","distance_meters","60","habitat_","seasonal_permanent_H2O_source","how_many_animals_were_observed","54","livestock","cattle","observers","TW2","species_","livestock","was_a_group_of_animals_observed","group_","was_the_animal_observed_as_road","alive","width_of_the_road","single_lane",NA,NA,NA,NA,NA,"objectid,
      editMode"
"27","bearing_degrees","340","coordinates","N0.51289 E37.64808","distance_meters","20","habitat_","disturbed_human_buildings","how_many_animals_were_observed","24","livestock","cattle","observers","TW2","species_","livestock","was_a_group_of_animals_observed","group_","was_the_animal_observed_as_road","alive","width_of_the_road","single_lane",NA,NA,NA,NA,NA,"objectid,
      editMode"
"28","bearing_degrees","320","coordinates","N0.48762 E37.63395","distance_meters","20","habitat_","disturbed_human_buildings","how_many_animals_were_observed","40","livestock","cattle","observers","TW2","species_","livestock","was_a_group_of_animals_observed","group_","was_the_animal_observed_as_road","alive","width_of_the_road","single_lane",NA,NA,NA,NA,NA,"objectid,
      editMode"
"29","bearing_degrees","260","coordinates","N0.47883 E37.62942","distance_meters","10","habitat_","disturbed_human_buildings","how_many_animals_were_observed","30","livestock","cattle","observers","TW2","species_","livestock","was_a_group_of_animals_observed","group_","was_the_animal_observed_as_road","alive","width_of_the_road","single_lane",NA,NA,NA,NA,NA,"objectid,
      editMode"
"30","bearing_degrees","54","coordinates","N0.46677 E37.61868","distance_meters","60","habitat_","open_scrub","how_many_animals_were_observed","34","livestock","cattle","observers","TW2","species_","livestock","was_a_group_of_animals_observed","group_","was_the_animal_observed_as_road","alive","width_of_the_road","single_lane",NA,NA,NA,NA,NA,"objectid,
      editMode"
"31","bearing_degrees","50","coordinates","N0.46285 E37.61475","distance_meters","20","habitat_","open_scrub","how_many_animals_were_observed","17","livestock","shoat","observers","TW2","species_","livestock","was_a_group_of_animals_observed","group_","was_the_animal_observed_as_road","alive","width_of_the_road","single_lane",NA,NA,NA,NA,NA,"objectid,
      editMode"
"32","bearing_degrees","240","coordinates","N0.46087 E37.61301","distance_meters","40","habitat_","open_scrub","how_many_animals_were_observed","43","livestock","shoat","observers","TW2","species_","livestock","was_a_group_of_animals_observed","group_","was_the_animal_observed_as_road","alive","width_of_the_road","single_lane",NA,NA,NA,NA,NA,"objectid,
      editMode"
"33","bearing_degrees","230","coordinates","N0.44762 E37.60777","distance_meters","140","habitat_","open_scrub","how_many_animals_were_observed","17","livestock","camel","observers","TW2","species_","livestock","was_a_group_of_animals_observed","group_","was_the_animal_observed_as_road","alive","width_of_the_road","single_lane",NA,NA,NA,NA,NA,"objectid,
      editMode"
"34","bearing_degrees","90","coordinates","N1.40016 E37.72320","distance_meters","60","habitat_","rocky_mixed_shrubs","how_many_animals_were_observed","23","livestock","cattle","observers","TW2","species_","livestock","was_a_group_of_animals_observed","group_","was_the_animal_observed_as_road","alive","width_of_the_road","single_lane",NA,NA,NA,NA,NA,"objectid,
      editMode"
"35","bearing_degrees","40","coordinates","N1.38853 E37.72173","distance_meters","120","habitat_","open_scrub","how_many_animals_were_observed","34","livestock","shoat","observers","TW2","species_","livestock","was_a_group_of_animals_observed","group_","was_the_animal_observed_as_road","alive","width_of_the_road","single_lane",NA,NA,NA,NA,NA,"objectid,
      editMode"
"36","bearing_degrees","240","coordinates","N1.38337E37.71984","distance_meters","20","habitat_","open_scrub","how_many_animals_were_observed","1200","livestock","shoat","observers","TW2","species_","livestock","was_a_group_of_animals_observed","group_","was_the_animal_observed_as_road","alive","width_of_the_road","single_lane",NA,NA,NA,NA,NA,"objectid,
      editMode"
"37","bearing_degrees","280","coordinates","N1.14033 E37.59871","distance_meters","50","habitat_","mixed_shrubs_and_trees","how_many_animals_were_observed","32","livestock","shoat","observers","TW2","species_","livestock","was_a_group_of_animals_observed","group_","was_the_animal_observed_as_road","alive","width_of_the_road","single_lane",NA,NA,NA,NA,NA,"objectid,
      editMode"
"38","bearing_degrees","40","coordinates","N1.11187 E37.59226","distance_meters","30","habitat_","open_scrub","how_many_animals_were_observed","63","livestock","shoat","observers","TW2","species_","livestock","was_a_group_of_animals_observed","group_","was_the_animal_observed_as_road","alive","width_of_the_road","single_lane",NA,NA,NA,NA,NA,"objectid,
      editMode"
"39","bearing_degrees","270","coordinates","01.09958 037.58479","distance_meters","120","habitat_","mixed_shrubs_and_trees","how_many_animals_were_observed","43","livestock","shoat","observers","Sebastian Lerapayo","species_","livestock","was_a_group_of_animals_observed","group_","was_the_animal_observed_as_road","alive","width_of_the_road","single_lane",NA,NA,NA,NA,NA,"objectid,
      editMode"
"40","approximate_age_of_individual","null","approximate_number_of_days_sinc","null","bearing_degrees","264","coordinates","01.09831 037. 58149","distance_meters","75","generated_note_survey","null","habitat_","open_scrub","how_many_animals_were_observed","120","livestock","shoat","observers","TW2","sex_of_animal","null","species_","livestock","was_a_group_of_animals_observed","group_","was_the_animal_observed_as_road","alive,
    what_species_of_bird_was_observ"
"41","approximate_age_of_individual","5","approximate_number_of_days_sinc","1","bearing_degrees","null","coordinates","00.95086 037.57594","distance_meters","null","habitat_","open_scrub","observers","Lerapayo Sebastian, Lemirgishan and Jonathan Lenyakopiro","sex_of_animal","null","species_","genet","was_a_group_of_animals_observed","null","was_the_animal_observed_as_road","roadkill","width_of_the_road","single_lane",NA,NA,NA,NA
"42","approximate_age_of_individual","null","approximate_number_of_days_sinc","null","bearing_degrees","90","coordinates","00.85071 037.56963","distance_meters","30","generated_note_survey","null","habitat_","dense_scrub","how_many_animals_were_observed","90","livestock","shoat","observers","TW2","sex_of_animal","null","species_","livestock","was_a_group_of_animals_observed","group_","was_the_animal_observed_as_road","alive,
    what_species_of_bird_was_observ"
"43","approximate_age_of_individual","null","approximate_number_of_days_sinc","null","bearing_degrees","270","coordinates","00.84568 037.56916","distance_meters","60","generated_note_survey","null","habitat_","dense_scrub","how_many_animals_were_observed","7","livestock","camel","observers","TW2","sex_of_animal","null","species_","livestock","was_a_group_of_animals_observed","group_","was_the_animal_observed_as_road","alive,
    what_species_of_bird_was_observ"
"44","approximate_age_of_individual","null","approximate_number_of_days_sinc","null","bearing_degrees","270","coordinates","00.83271 037.56202","distance_meters","78","generated_note_survey","null","habitat_","dense_scrub","how_many_animals_were_observed","21","livestock","cattle","observers","TW2","sex_of_animal","null","species_","livestock","was_a_group_of_animals_observed","group_","was_the_animal_observed_as_road","alive,
    what_species_of_bird_was_observ"
"45","approximate_age_of_individual","null","approximate_number_of_days_sinc","null","bearing_degrees","245","coordinates","00.79500 037.55075","distance_meters","100","generated_note_survey","null","habitat_","mixed_shrubs_and_trees","how_many_animals_were_observed","68","livestock","shoat","observers","TW2","sex_of_animal","null","species_","livestock","was_a_group_of_animals_observed","group_","was_the_animal_observed_as_road","alive,
    what_species_of_bird_was_observ"
"46","bearing_degrees","270","coordinates","N0.76704 E37.56035","distance_meters","200","habitat_","acacia _reficiens_dominated","how_many_animals_were_observed","45","livestock","shoat","observers","TW2","species_","livestock","was_a_group_of_animals_observed","group_","was_the_animal_observed_as_road","alive","width_of_the_road","single_lane",NA,NA,NA,NA,NA,"objectid,
      editMode"
"47","bearing_degrees","30","coordinates","N0.76345 E37.56351","distance_meters","70","habitat_","acacia _reficiens_dominated","how_many_animals_were_observed","70","livestock","shoat","observers","TW2","species_","livestock","was_a_group_of_animals_observed","group_","was_the_animal_observed_as_road","alive","width_of_the_road","single_lane",NA,NA,NA,NA,NA,"objectid,
      editMode"
"48","bearing_degrees","20","coordinates","N0.70092 E37.61801","distance_meters","60","habitat_","mixed_shrubs_and_trees","how_many_animals_were_observed","300","livestock","shoat","observers","TW2 n","species_","livestock","was_a_group_of_animals_observed","group_","was_the_animal_observed_as_road","alive","width_of_the_road","single_lane",NA,NA,NA,NA,NA,"objectid,
      editMode"
"49","bearing_degrees","60","coordinates","N0.68167 E37.63521","distance_meters","80","habitat_","open_scrub","how_many_animals_were_observed","24","livestock","cattle","observers","TW2","species_","livestock","was_a_group_of_animals_observed","group_","was_the_animal_observed_as_road","alive","width_of_the_road","single_lane",NA,NA,NA,NA,NA,"objectid,
      editMode"
"50","bearing_degrees","50","coordinates","N0.66813 E37.64328","distance_meters","240","habitat_","open_scrub","how_many_animals_were_observed","140","livestock","shoat","observers","TW2","species_","livestock","was_a_group_of_animals_observed","group_","was_the_animal_observed_as_road","alive","width_of_the_road","single_lane",NA,NA,NA,NA,NA,"objectid,
      editMode"
"51","bearing_degrees","340","coordinates","N0.66707 E37.64392","distance_meters","90","habitat_","open_scrub","how_many_animals_were_observed","34","livestock","shoat","observers","TW2","species_","livestock","was_a_group_of_animals_observed","group_","was_the_animal_observed_as_road","alive","width_of_the_road","single_lane",NA,NA,NA,NA,NA,"objectid,
      editMode"
"52","bearing_degrees","200","coordinates","N0.66349 E37.64613","distance_meters","23","habitat_","disturbed_human_buildings","how_many_animals_were_observed","34","livestock","shoat","observers","TW2","species_","livestock","was_a_group_of_animals_observed","group_","was_the_animal_observed_as_road","alive","width_of_the_road","single_lane",NA,NA,NA,NA,NA,"objectid,
      editMode"
"53","bearing_degrees","80","coordinates","N0.65643 E37.64877","distance_meters","45","habitat_","disturbed_human_buildings","how_many_animals_were_observed","59","livestock","shoat","observers","TW2","species_","livestock","was_a_group_of_animals_observed","group_","was_the_animal_observed_as_road","alive","width_of_the_road","single_lane",NA,NA,NA,NA,NA,"objectid,
      editMode"
"54","bearing_degrees","180","coordinates","N0.62736 E37.67405","distance_meters","5","habitat_","mixed_shrubs_and_trees","how_many_animals_were_observed","65","livestock","cattle","observers","TW2","species_","livestock","was_a_group_of_animals_observed","group_","was_the_animal_observed_as_road","alive","width_of_the_road","single_lane",NA,NA,NA,NA,NA,"objectid,
      editMode"
"55","bearing_degrees","30","coordinates","N0.59389 E37.67292","distance_meters","50","habitat_","seasonal_permanent_H2O_source","how_many_animals_were_observed","300","livestock","shoat","observers","TW2","species_","livestock","was_a_group_of_animals_observed","group_","was_the_animal_observed_as_road","alive","width_of_the_road","single_lane",NA,NA,NA,NA,NA,"objectid,
      editMode"
"56","bearing_degrees","60","coordinates","N0.58530 E37.67501","distance_meters","40","habitat_","open_scrub","how_many_animals_were_observed","43","livestock","camel","observers","TW2","species_","livestock","was_a_group_of_animals_observed","group_","was_the_animal_observed_as_road","alive","width_of_the_road","single_lane",NA,NA,NA,NA,NA,"objectid,
      editMode"
"57","bearing_degrees","300","coordinates","N0.56274 E37.67790","distance_meters","80","habitat_","open_scrub","how_many_animals_were_observed","16","livestock","cattle","observers","TW2","species_","livestock","was_a_group_of_animals_observed","group_","was_the_animal_observed_as_road","alive","width_of_the_road","single_lane",NA,NA,NA,NA,NA,"objectid,
      editMode"
"58","bearing_degrees","340","coordinates","N0.54437 E37.66727","distance_meters","300","habitat_","rocky_mixed_shrubs","how_many_animals_were_observed","4","livestock","camel","observers","TW2","species_","livestock","was_a_group_of_animals_observed","group_","was_the_animal_observed_as_road","alive","width_of_the_road","single_lane",NA,NA,NA,NA,NA,"objectid,
      editMode"
"59","bearing_degrees","340","coordinates","N0.53132 E37.65956","distance_meters","20","habitat_","open_scrub","how_many_animals_were_observed","34","livestock","cattle","observers","TW2","species_","livestock","was_a_group_of_animals_observed","group_","was_the_animal_observed_as_road","alive","width_of_the_road","single_lane",NA,NA,NA,NA,NA,"objectid,
      editMode"
"60","bearing_degrees","250","coordinates","N0.52802 E37.65755","distance_meters","50","habitat_","open_scrub","how_many_animals_were_observed","70","livestock","cattle","observers","TW2","species_","livestock","was_a_group_of_animals_observed","group_","was_the_animal_observed_as_road","alive","width_of_the_road","single_lane",NA,NA,NA,NA,NA,"objectid,
      editMode"
"61","bearing_degrees","300","coordinates","N0.51612 E37.65008","distance_meters","10","habitat_","open_scrub","how_many_animals_were_observed","9","livestock","cattle","observers","TW2","species_","livestock","was_a_group_of_animals_observed","group_","was_the_animal_observed_as_road","alive","width_of_the_road","single_lane",NA,NA,NA,NA,NA,"objectid,
      editMode"
"62","bearing_degrees","330","coordinates","N0.49563 E37.63836","distance_meters","20","habitat_","disturbed_human_buildings","how_many_animals_were_observed","13","livestock","shoat","observers","TW2","species_","livestock","was_a_group_of_animals_observed","group_","was_the_animal_observed_as_road","alive","width_of_the_road","single_lane",NA,NA,NA,NA,NA,"objectid,
      editMode"
"63","bearing_degrees","70","coordinates","N0.47259 E37.62480","distance_meters","30","habitat_","disturbed_human_buildings","how_many_animals_were_observed","34","livestock","shoat","observers","TW2","species_","livestock","was_a_group_of_animals_observed","group_","was_the_animal_observed_as_road","alive","width_of_the_road","single_lane",NA,NA,NA,NA,NA,"objectid,
      editMode"
"64","bearing_degrees","30","coordinates","N0.46452 E37.61639","distance_meters","120","habitat_","open_scrub","how_many_animals_were_observed","45","livestock","shoat","observers","TW2","species_","livestock","was_a_group_of_animals_observed","group_","was_the_animal_observed_as_road","alive","width_of_the_road","single_lane",NA,NA,NA,NA,NA,"objectid,
      editMode"
"65","bearing_degrees","50","coordinates","N0.43458 E37.60327","distance_meters","49","habitat_","open_scrub","how_many_animals_were_observed","5","livestock","cattle","observers","TW2","species_","livestock","was_a_group_of_animals_observed","group_","was_the_animal_observed_as_road","alive","width_of_the_road","single_lane",NA,NA,NA,NA,NA,"objectid,
      editMode"
"66","approximate_age_of_individual","null","approximate_number_of_days_sinc","null","bearing_degrees","350","coordinates","N0.42185 E37.59918","distance_meters","43","habitat_","mixed_shrubs_and_trees","how_many_animals_were_observed","45","livestock","shoat","observers","TW2","sex_of_animal","null","species_","livestock","was_a_group_of_animals_observed","group_","was_the_animal_observed_as_road","alive","width_of_the_road","single_lane,
    globalid"
"67","bearing_degrees","90","coordinates","N0.39722 E37.59383","distance_meters","70","habitat_","open_scrub","how_many_animals_were_observed","230","livestock","shoat","observers","TW2","species_","livestock","was_a_group_of_animals_observed","group_","was_the_animal_observed_as_road","alive","width_of_the_road","single_lane",NA,NA,NA,NA,NA,"objectid,
      editMode"
"68","bearing_degrees","40","coordinates","N0.38577 E37.59136","distance_meters","20","habitat_","disturbed_human_buildings","how_many_animals_were_observed","12","livestock","shoat","observers","TW2","species_","livestock","was_a_group_of_animals_observed","group_","was_the_animal_observed_as_road","alive","width_of_the_road","single_lane",NA,NA,NA,NA,NA,"objectid,
      editMode"
"69","approximate_age_of_individual","5","approximate_number_of_days_sinc","1","coordinates","N01.107729 E37.57094","habitat_","commiphora_dominated","observers","TW2","sex_of_animal","female","species_","jackal","was_the_animal_observed_as_road","roadkill","width_of_the_road","single_lane",NA,NA,NA,NA,NA,NA,NA,NA,NA,NA
"70","species_","livestock","livestock","cattle","was_the_animal_observed_as_road","alive","was_a_group_of_animals_observed","group_","distance_meters","50","bearing_degrees","190","how_many_animals_were_observed","6","observers","TW2","coordinates","N1.37418 E37.71428","habitat_","commiphora_dominated","width_of_the_road",NA,NA,NA,NA,NA,NA,NA
"71","species_","gerenuk","was_the_animal_observed_as_road","alive","was_a_group_of_animals_observed","individual","distance_meters","120","bearing_degrees","340","observers","TW2","coordinates","N1.35698 E37.71154","habitat_","mixed_shrubs_and_trees","width_of_the_road",NA,NA,NA,NA,NA,NA,NA,NA,NA,NA,NA
"72","species_","gerenuk","was_the_animal_observed_as_road","alive","was_a_group_of_animals_observed","group_","distance_meters","70","bearing_degrees","320","how_many_animals_were_observed","2","observers","TW2","coordinates","N1.35174 E37.71250","habitat_","commiphora_dominated","width_of_the_road",NA,NA,NA,NA,NA,NA,NA,NA,NA
"73","species_","warthog","was_the_animal_observed_as_road","alive","was_a_group_of_animals_observed","individual","distance_meters","140","bearing_degrees","310","how_many_animals_were_observed","null","observers","TW2","coordinates","N1.30892 E37.68551","habitat_","commiphora_dominated","width_of_the_road",NA,NA,NA,NA,NA,NA,NA,NA,NA
"74","bearing_degrees","280","coordinates","N1.30819 E37.68544","distance_meters","50","habitat_","commiphora_dominated","livestock","cattle","observers","TW2","species_","livestock","was_a_group_of_animals_observed","group_","was_the_animal_observed_as_road","alive","width_of_the_road","single_lane","generated_note_survey","null","what_species_of_bird_was_observ","null","how_many_animals_were_observed","13","approximate_number_of_days_sinc","null,
    approximate_age_of_individual"
"75","species_","livestock","livestock","camel","was_the_animal_observed_as_road","alive","was_a_group_of_animals_observed","group_","distance_meters","70","bearing_degrees","300","how_many_animals_were_observed","19","observers","TW2","coordinates","N1.30465 E37.68540","habitat_","commiphora_dominated","width_of_the_road",NA,NA,NA,NA,NA,NA,NA
"76","species_","bird","what_species_of_bird_was_observ","Egyptian goose","observers","TW2","was_the_animal_observed_as_road","alive","was_a_group_of_animals_observed","group_","distance_meters","30","bearing_degrees","320","how_many_animals_were_observed","2","coordinates","N1.21840 E37.65789","habitat_","seasonal_permanent_H2O_source","width_of_the_road",NA,NA,NA,NA,NA,NA,NA
"77","species_","giraffe","was_the_animal_observed_as_road","alive","was_a_group_of_animals_observed","individual","distance_meters","100","bearing_degrees","320","how_many_animals_were_observed","null","observers","TW2","coordinates","N1.21463 E37.64649","habitat_","mixed_shrubs_and_trees","width_of_the_road",NA,NA,NA,NA,NA,NA,NA,NA,NA
"78","species_","gerenuk","was_the_animal_observed_as_road","alive","was_a_group_of_animals_observed","individual","distance_meters","230","bearing_degrees","300","observers","TW2","coordinates","N1.21455 E37.64588","habitat_","mixed_shrubs_and_trees","width_of_the_road",NA,NA,NA,NA,NA,NA,NA,NA,NA,NA,NA
"79","species_","gerenuk","was_the_animal_observed_as_road","alive","was_a_group_of_animals_observed","individual","distance_meters","80","bearing_degrees","280","how_many_animals_were_observed","null","observers","TW2","coordinates","N1.21447 E37.64535","habitat_","commiphora_dominated","width_of_the_road",NA,NA,NA,NA,NA,NA,NA,NA,NA
"80","species_","gerenuk","was_the_animal_observed_as_road","alive","was_a_group_of_animals_observed","group_","distance_meters","80","bearing_degrees","320","how_many_animals_were_observed","5","observers","TW2","coordinates","N1.18855 E37.59725","width_of_the_road","single_lane","habitat_",NA,NA,NA,NA,NA,NA,NA,NA,NA
"81","species_","livestock","livestock","cattle","was_the_animal_observed_as_road","alive","was_a_group_of_animals_observed","group_","distance_meters","20","bearing_degrees","50","how_many_animals_were_observed","34","observers","TW2","coordinates","N1.15825 E37.59240","habitat_","disturbed_human_buildings","width_of_the_road",NA,NA,NA,NA,NA,NA,NA
"82","species_","livestock","livestock","shoat","was_the_animal_observed_as_road","alive","was_a_group_of_animals_observed","group_","distance_meters","10","bearing_degrees","300","how_many_animals_were_observed","100","observers","TW2","coordinates","N1.07200 E37.56651","habitat_","commiphora_dominated","width_of_the_road",NA,NA,NA,NA,NA,NA,NA
"83","species_","livestock","livestock","cattle","was_the_animal_observed_as_road","alive","was_a_group_of_animals_observed","group_","distance_meters","60","bearing_degrees","40","how_many_animals_were_observed","120","observers","TW2","coordinates","N1.06209 E37.56360","habitat_","commiphora_dominated","width_of_the_road",NA,NA,NA,NA,NA,NA,NA
"84","species_","livestock","livestock","shoat","was_the_animal_observed_as_road","alive","was_a_group_of_animals_observed","group_","distance_meters","50","bearing_degrees","50","how_many_animals_were_observed","300","observers","TW2","coordinates","N1.05890 E37.55278","habitat_","commiphora_dominated","width_of_the_road",NA,NA,NA,NA,NA,NA,NA
"85","species_","jackal","was_the_animal_observed_as_road","roadkill","was_a_group_of_animals_observed","null","distance_meters","null","bearing_degrees","null","approximate_number_of_days_sinc","1","approximate_age_of_individual","4","sex_of_animal","male","observers","TW2","coordinates","N1.02964 E37.56334","habitat_","commiphora_dominated","width_of_the_road",NA,NA,NA,NA,NA
"86","species_","livestock","livestock","cattle","was_the_animal_observed_as_road","alive","was_a_group_of_animals_observed","group_","distance_meters","48","bearing_degrees","70","how_many_animals_were_observed","12","observers","TW2","coordinates","N1.05763 E37.56256","habitat_","commiphora_dominated","width_of_the_road",NA,NA,NA,NA,NA,NA,NA
"87","species_","livestock","livestock","shoat","was_the_animal_observed_as_road","alive","was_a_group_of_animals_observed","group_","distance_meters","36","bearing_degrees","140","how_many_animals_were_observed","230","observers","TW2","coordinates","N0.87019 E37.56519","habitat_","mixed_shrubs_and_trees","width_of_the_road",NA,NA,NA,NA,NA,NA,NA
"88","bearing_degrees","90","coordinates","N0.85625 E37.56821","distance_meters","40","habitat_","mixed_shrubs_and_trees","how_many_animals_were_observed","400","livestock","shoat","observers","TW2","species_","livestock","was_a_group_of_animals_observed","group_","was_the_animal_observed_as_road","alive","width_of_the_road","single_lane","generated_note_survey","null","what_species_of_bird_was_observ","null","approximate_number_of_days_sinc","null,
    approximate_age_of_individual"
"89","species_","livestock","livestock","cattle","was_the_animal_observed_as_road","alive","was_a_group_of_animals_observed","group_","distance_meters","40","bearing_degrees","70","how_many_animals_were_observed","21","observers","TW2","habitat_","mixed_shrubs_and_trees","width_of_the_road","single_lane","coordinates",NA,NA,NA,NA,NA,NA,NA
"90","species_","livestock","livestock","cattle","was_the_animal_observed_as_road","alive","was_a_group_of_animals_observed","group_","distance_meters","45","bearing_degrees","340","approximate_number_of_days_sinc","null","approximate_age_of_individual","null","sex_of_animal","null","how_many_animals_were_observed","12","observers","TW2","coordinates","N0.84923 E37.56968","habitat_","commiphora_dominated","width_of_the_road",NA
"91","bearing_degrees","70","coordinates","N0.81859 E37.55663","distance_meters","30","how_many_animals_were_observed","18","observers","TW2","species_","baboon","was_a_group_of_animals_observed","group_","was_the_animal_observed_as_road","alive","generated_note_survey","null","livestock","null","what_species_of_bird_was_observ","null","approximate_number_of_days_sinc","null","approximate_age_of_individual","null","sex_of_animal","null,
    habitat_"
"92","species_","livestock","livestock","camel","was_the_animal_observed_as_road","alive","was_a_group_of_animals_observed","group_","distance_meters","58","bearing_degrees","300","how_many_animals_were_observed","300","observers","TW2","coordinates","N0.77761 E37.55589","habitat_","seasonal_permanent_H2O_source","width_of_the_road",NA,NA,NA,NA,NA,NA,NA
"93","species_","livestock","livestock","shoat","was_the_animal_observed_as_road","alive","was_a_group_of_animals_observed","group_","distance_meters","34","bearing_degrees","50","how_many_animals_were_observed","230","observers","TW2","coordinates","N0.77963 E37.55515","habitat_","acacia _reficiens_dominated","width_of_the_road",NA,NA,NA,NA,NA,NA,NA
"94","species_","livestock","livestock","cattle","was_the_animal_observed_as_road","alive","was_a_group_of_animals_observed","group_","distance_meters","60","bearing_degrees","80","how_many_animals_were_observed","34","observers","TW2","coordinates","N0.79942 E37.54564","habitat_","acacia _reficiens_dominated","width_of_the_road",NA,NA,NA,NA,NA,NA,NA
"95","species_","livestock","livestock","shoat","was_the_animal_observed_as_road","alive","was_a_group_of_animals_observed","group_","distance_meters","40","bearing_degrees","90","how_many_animals_were_observed","56","observers","TW2","coordinates","N0.70117 E37.61781","habitat_","open_scrub","width_of_the_road",NA,NA,NA,NA,NA,NA,NA
"96","species_","plains_zebra","was_the_animal_observed_as_road","alive","was_a_group_of_animals_observed","group_","distance_meters","200","bearing_degrees","300","how_many_animals_were_observed","4","observers","TW2","coordinates","N0.62307 E37.67260","habitat_","seasonal_permanent_H2O_source","width_of_the_road",NA,NA,NA,NA,NA,NA,NA,NA,NA
"97","species_","warthog","was_the_animal_observed_as_road","alive","was_a_group_of_animals_observed","group_","distance_meters","200","bearing_degrees","300","how_many_animals_were_observed","11","observers","TW2","coordinates","N0.62308 E37.67261","habitat_","seasonal_permanent_H2O_source","width_of_the_road",NA,NA,NA,NA,NA,NA,NA,NA,NA
"98","observers","TW2","coordinates","N0.62308 E37.67261","species_","gazelle","was_the_animal_observed_as_road","alive","was_a_group_of_animals_observed","group_","distance_meters","210","bearing_degrees","310","how_many_animals_were_observed","7","habitat_","seasonal_permanent_H2O_source","width_of_the_road",NA,NA,NA,NA,NA,NA,NA,NA,NA
"99","species_","livestock","livestock","shoat","was_the_animal_observed_as_road","alive","was_a_group_of_animals_observed","group_","distance_meters","240","bearing_degrees","40","how_many_animals_were_observed","340","observers","TW2","coordinates","N0.55841 E37.67558","habitat_","mixed_shrubs_and_trees","width_of_the_road",NA,NA,NA,NA,NA,NA,NA
"100","bearing_degrees","50","coordinates","N0.52574 E37.65615","distance_meters","20","how_many_animals_were_observed","23","livestock","shoat","observers","TW2","species_","livestock","was_a_group_of_animals_observed","group_","was_the_animal_observed_as_road","alive","generated_note_survey","null","what_species_of_bird_was_observ","null","approximate_number_of_days_sinc","null","approximate_age_of_individual","null","sex_of_animal","null,
    habitat_"
"101","species_","livestock","livestock","cattle","was_the_animal_observed_as_road","alive","was_a_group_of_animals_observed","group_","distance_meters","56","bearing_degrees","320","how_many_animals_were_observed","14","observers","TW2","coordinates","N0.49797 E37.63965","habitat_","open_scrub","width_of_the_road",NA,NA,NA,NA,NA,NA,NA
"102","species_","livestock","livestock","shoat","was_the_animal_observed_as_road","alive","was_a_group_of_animals_observed","group_","distance_meters","30","bearing_degrees","290","how_many_animals_were_observed","16","observers","TW2 N0","coordinates","N0.47248 E37.62471","habitat_","disturbed_human_buildings","width_of_the_road",NA,NA,NA,NA,NA,NA,NA
"103","species_","livestock","livestock","shoat","was_the_animal_observed_as_road","alive","was_a_group_of_animals_observed","group_","distance_meters","10","bearing_degrees","90","how_many_animals_were_observed","32","observers","TW2","coordinates","N0.46047 E37.61270","habitat_","open_scrub","width_of_the_road",NA,NA,NA,NA,NA,NA,NA
"104","species_","livestock","livestock","shoat","was_the_animal_observed_as_road","alive","was_a_group_of_animals_observed","group_","distance_meters","35","bearing_degrees","240","how_many_animals_were_observed","54","observers","TW2","coordinates","N0.44397 E37.60649","habitat_","open_scrub","width_of_the_road",NA,NA,NA,NA,NA,NA,NA
"105","species_","livestock","livestock","shoat","was_the_animal_observed_as_road","alive","was_a_group_of_animals_observed","group_","distance_meters","34","bearing_degrees","70","how_many_animals_were_observed","15","observers","TW2","coordinates","N0.42834 E37.60128","habitat_","disturbed_human_buildings","width_of_the_road",NA,NA,NA,NA,NA,NA,NA
"106","species_","livestock","livestock","shoat","was_the_animal_observed_as_road","alive","was_a_group_of_animals_observed","group_","distance_meters","76","bearing_degrees","310","how_many_animals_were_observed","72","observers","TW2","coordinates","N0.42157 E37.59909","habitat_","disturbed_human_buildings","width_of_the_road",NA,NA,NA,NA,NA,NA,NA
"107","bearing_degrees","250","coordinates","01.40514 E037.72308","distance_meters","130","how_many_animals_were_observed","7","livestock","cattle","observers","Tw2","species_","livestock","was_a_group_of_animals_observed","group_","was_the_animal_observed_as_road","alive","width_of_the_road","single_lane","generated_note_survey","null","what_species_of_bird_was_observ","null","approximate_number_of_days_sinc","null","approximate_age_of_individual","null,
    sex_of_animal"
"108","species_","baboon","livestock","null","was_the_animal_observed_as_road","alive","was_a_group_of_animals_observed","group_","distance_meters","80","bearing_degrees","140","how_many_animals_were_observed","12","observers","Tw2","coordinates","N01.39262E037.72285","habitat_","open_scrub","width_of_the_road",NA,NA,NA,NA,NA,NA,NA
"109","species_","livestock","livestock","cattle","was_the_animal_observed_as_road","alive","was_a_group_of_animals_observed","group_","distance_meters","210","bearing_degrees","160","how_many_animals_were_observed","47","observers","Tw2","coordinates","N01.27251E037.67657","habitat_","mixed_shrubs_and_trees","width_of_the_road",NA,NA,NA,NA,NA,NA,NA
"110","species_","gerenuk","livestock","null","was_the_animal_observed_as_road","alive","was_a_group_of_animals_observed","group_","distance_meters","110","bearing_degrees","80","how_many_animals_were_observed","4","observers","Tw2","coordinates","N01.18845E037.59695","habitat_","open_scrub","width_of_the_road",NA,NA,NA,NA,NA,NA,NA
"111","species_","gerenuk","was_the_animal_observed_as_road","alive","was_a_group_of_animals_observed","group_","distance_meters","280","bearing_degrees","220","how_many_animals_were_observed","6","observers","Tw2","coordinates","01.18647E 037.58509","habitat_","mixed_shrubs_and_trees","width_of_the_road",NA,NA,NA,NA,NA,NA,NA,NA,NA
"112","species_","livestock","livestock","shoat","was_the_animal_observed_as_road","alive","was_a_group_of_animals_observed","group_","distance_meters","120","bearing_degrees","150","how_many_animals_were_observed","80","observers","Tw2","coordinates","N01.14697E037.59667","habitat_","mixed_shrubs_and_trees","width_of_the_road",NA,NA,NA,NA,NA,NA,NA
"113","species_","livestock","livestock","cattle","was_the_animal_observed_as_road","alive","was_a_group_of_animals_observed","group_","distance_meters","90","bearing_degrees","290","how_many_animals_were_observed","6","observers","Tw2","coordinates","N01.13223E037.59872","habitat_","open_scrub","width_of_the_road",NA,NA,NA,NA,NA,NA,NA
"114","species_","livestock","livestock","shoat","was_the_animal_observed_as_road","alive","was_a_group_of_animals_observed","group_","distance_meters","100","bearing_degrees","140","how_many_animals_were_observed","20","observers","Tw2","coordinates","N01.10072E037.58588","habitat_","open_scrub","width_of_the_road",NA,NA,NA,NA,NA,NA,NA
"115","species_","grevys_zebra","was_the_animal_observed_as_road","alive","was_a_group_of_animals_observed","individual","distance_meters","50","bearing_degrees","140","observers","Tw2","coordinates","N01.03833E037.56205","habitat_","open_scrub","width_of_the_road",NA,NA,NA,NA,NA,NA,NA,NA,NA,NA,NA
"116","species_","livestock","livestock","shoat","was_the_animal_observed_as_road","alive","was_a_group_of_animals_observed","group_","distance_meters","70","bearing_degrees","160","how_many_animals_were_observed","40","observers","Tw2","coordinates","00.94731E037.57550","habitat_","open_scrub","width_of_the_road",NA,NA,NA,NA,NA,NA,NA
"117","was_the_animal_observed_as_road","roadkill","approximate_number_of_days_sinc","5","approximate_age_of_individual","3","sex_of_animal","female","observers","Tw2","coordinates","N00.87826E037.56290","habitat_","open_scrub","width_of_the_road",NA,NA,NA,NA,NA,NA,NA,NA,NA,NA,NA,NA,NA
"118","species_","livestock","livestock","camel","was_the_animal_observed_as_road","alive","was_a_group_of_animals_observed","group_","distance_meters","90","bearing_degrees","210","how_many_animals_were_observed","13","observers","Tw2","coordinates","N00.84662E037.56945","habitat_","mixed_shrubs_and_trees","width_of_the_road",NA,NA,NA,NA,NA,NA,NA
"119","species_","livestock","livestock","shoat","was_the_animal_observed_as_road","alive","was_a_group_of_animals_observed","group_","distance_meters","100","bearing_degrees","270","how_many_animals_were_observed","60","observers","Tw2","coordinates","N00.81065E037.55299","habitat_","open_scrub","width_of_the_road",NA,NA,NA,NA,NA,NA,NA
"120","species_","livestock","livestock","shoat","was_the_animal_observed_as_road","alive","was_a_group_of_animals_observed","group_","distance_meters","80","bearing_degrees","120","how_many_animals_were_observed","30","observers","Tw2","coordinates","00.79420E 037.55096","habitat_","open_scrub","width_of_the_road",NA,NA,NA,NA,NA,NA,NA
"121","species_","livestock","livestock","cattle","was_the_animal_observed_as_road","alive","was_a_group_of_animals_observed","group_","distance_meters","120","bearing_degrees","290","how_many_animals_were_observed","40","observers","Tw2","coordinates","N00.76071E037.56592","habitat_","open_scrub","width_of_the_road",NA,NA,NA,NA,NA,NA,NA
"122","species_","livestock","livestock","camel","was_the_animal_observed_as_road","alive","was_a_group_of_animals_observed","group_","distance_meters","60","bearing_degrees","180","how_many_animals_were_observed","40","observers","Tw2","coordinates","N00.73760E037.58620","habitat_","mixed_shrubs_and_trees","width_of_the_road",NA,NA,NA,NA,NA,NA,NA
"123","species_","livestock","livestock","cattle","was_the_animal_observed_as_road","alive","was_a_group_of_animals_observed","group_","distance_meters","90","bearing_degrees","110","how_many_animals_were_observed","40","observers","Tw2","coordinates","00.72597E037.59639","habitat_","open_scrub","width_of_the_road",NA,NA,NA,NA,NA,NA,NA
"124","species_","livestock","livestock","shoat","was_the_animal_observed_as_road","alive","was_a_group_of_animals_observed","group_","distance_meters","50","bearing_degrees","260","how_many_animals_were_observed","60","observers","Tw2","coordinates","N00.72597E037.59639","habitat_","open_scrub","width_of_the_road",NA,NA,NA,NA,NA,NA,NA
"125","species_","livestock","livestock","shoat","was_the_animal_observed_as_road","alive","was_a_group_of_animals_observed","group_","distance_meters","90","bearing_degrees","240","how_many_animals_were_observed","48","observers","Tw2","coordinates","N00.66132E037.64744","habitat_","open_scrub","width_of_the_road",NA,NA,NA,NA,NA,NA,NA
"126","species_","livestock","livestock","shoat","was_the_animal_observed_as_road","alive","was_a_group_of_animals_observed","group_","distance_meters","60","bearing_degrees","80","how_many_animals_were_observed","45","observers","Tw2","coordinates","N00.63323E037.67329","habitat_","open_scrub","width_of_the_road",NA,NA,NA,NA,NA,NA,NA
"127","species_","livestock","livestock","shoat","was_the_animal_observed_as_road","alive","was_a_group_of_animals_observed","group_","distance_meters","40","bearing_degrees","230","how_many_animals_were_observed","67","observers","Tw2","coordinates","N00.60514E037.67210","habitat_","open_scrub","width_of_the_road",NA,NA,NA,NA,NA,NA,NA
"128","bearing_degrees","160","coordinates","N00.56236E037.67777","distance_meters","50","habitat_","open_scrub","how_many_animals_were_observed","70","livestock","shoat","observers","Tw2","species_","livestock","was_a_group_of_animals_observed","group_","was_the_animal_observed_as_road","alive","width_of_the_road","single_lane","generated_note_survey","null","what_species_of_bird_was_observ","null","approximate_number_of_days_sinc","null,
    approximate_age_of_individual"
"129","species_","livestock","livestock","shoat","was_the_animal_observed_as_road","alive","was_a_group_of_animals_observed","group_","distance_meters","90","bearing_degrees","280","how_many_animals_were_observed","60","observers","Tw2","coordinates","N00.53811E037.66358","width_of_the_road","single_lane","habitat_",NA,NA,NA,NA,NA,NA,NA
"130","species_","livestock","livestock","cattle","was_the_animal_observed_as_road","alive","was_a_group_of_animals_observed","group_","distance_meters","30","bearing_degrees","170","how_many_animals_were_observed","50","observers","Tw2","coordinates","N00.51927E037.65216","habitat_","open_scrub","width_of_the_road",NA,NA,NA,NA,NA,NA,NA
"131","species_","livestock","livestock","shoat","was_the_animal_observed_as_road","alive","was_a_group_of_animals_observed","group_","distance_meters","70","bearing_degrees","290","how_many_animals_were_observed","30","observers","Tw2","coordinates","N00.49004E037.63520","habitat_","open_scrub","width_of_the_road",NA,NA,NA,NA,NA,NA,NA
"132","species_","livestock","livestock","cattle","was_the_animal_observed_as_road","alive","was_a_group_of_animals_observed","group_","distance_meters","60","bearing_degrees","210","how_many_animals_were_observed","20","observers","Tw2","coordinates","N00.46880E037.62073","habitat_","open_scrub","width_of_the_road",NA,NA,NA,NA,NA,NA,NA
"133","species_","livestock","livestock","cattle","was_the_animal_observed_as_road","alive","approximate_number_of_days_sinc","null","approximate_age_of_individual","null","sex_of_animal","null","was_a_group_of_animals_observed","group_","distance_meters","70","bearing_degrees","170","how_many_animals_were_observed","11","observers","Tw2","coordinates","N00.43640E037.60384","habitat_","open_scrub","width_of_the_road",NA
"134","bearing_degrees","160","coordinates","N00.39776E037.59391","distance_meters","60","habitat_","open_scrub","how_many_animals_were_observed","40","livestock","shoat","observers","Tw2","species_","livestock","was_a_group_of_animals_observed","group_","was_the_animal_observed_as_road","alive","width_of_the_road","single_lane","generated_note_survey","null","what_species_of_bird_was_observ","null","approximate_number_of_days_sinc","null,
    approximate_age_of_individual"
"135","species_","livestock","livestock","shoat","was_the_animal_observed_as_road","alive","was_a_group_of_animals_observed","group_","distance_meters","60","bearing_degrees","180","how_many_animals_were_observed","80","observers","Tw2","coordinates","N00.39295E037.59288","width_of_the_road",NA,NA,NA,NA,NA,NA,NA,NA,NA
"136","species_","livestock","livestock","cattle","was_the_animal_observed_as_road","alive","was_a_group_of_animals_observed","group_","distance_meters","50","bearing_degrees","120","how_many_animals_were_observed","150","observers","Tw2","coordinates","N01.40445E037.72307","habitat_","open_scrub","width_of_the_road",NA,NA,NA,NA,NA,NA,NA
"137","species_","livestock","livestock","shoat","was_the_animal_observed_as_road","alive","was_a_group_of_animals_observed","group_","distance_meters","80","bearing_degrees","190","how_many_animals_were_observed","70","observers","Tw2","coordinates","N00.37010E037.71308","habitat_","open_scrub","width_of_the_road",NA,NA,NA,NA,NA,NA,NA
"138","bearing_degrees","230","coordinates","N01.28256E037.67954","distance_meters","80","habitat_","open_scrub","how_many_animals_were_observed","100","livestock","cattle","observers","TW2","species_","livestock","was_a_group_of_animals_observed","group_","was_the_animal_observed_as_road","alive","width_of_the_road","single_lane","generated_note_survey","null","what_species_of_bird_was_observ","null","approximate_number_of_days_sinc","null,
    approximate_age_of_individual"
"139","bearing_degrees","290","coordinates","N01.27397E037.67746","distance_meters","30","habitat_","open_scrub","how_many_animals_were_observed","200","observers","Tw2","was_a_group_of_animals_observed","group_","was_the_animal_observed_as_road","alive","width_of_the_road","single_lane","generated_note_survey","null","species_","livestock","livestock","null","what_species_of_bird_was_observ","null","approximate_number_of_days_sinc","null,
    approximate_age_of_individual"
"140","species_","bird","what_species_of_bird_was_observ","Ostrich","observers","Tw2","was_the_animal_observed_as_road","alive","was_a_group_of_animals_observed","individual","distance_meters","90","bearing_degrees","210","how_many_animals_were_observed","null","coordinates","N01.18820E037.59564","habitat_","open_scrub","width_of_the_road",NA,NA,NA,NA,NA,NA,NA
"141","species_","livestock","livestock","shoat","was_the_animal_observed_as_road","alive","was_a_group_of_animals_observed","group_","distance_meters","60","bearing_degrees","270","how_many_animals_were_observed","150","observers","Tw2","coordinates","N01.15784E037.59286","habitat_","open_scrub","width_of_the_road",NA,NA,NA,NA,NA,NA,NA
"142","species_","livestock","livestock","shoat","was_the_animal_observed_as_road","alive","was_a_group_of_animals_observed","group_","distance_meters","200","bearing_degrees","290","how_many_animals_were_observed","120","observers","Tw2","coordinates","N01.15252E037.59667","habitat_","open_scrub","width_of_the_road",NA,NA,NA,NA,NA,NA,NA
"143","species_","livestock","livestock","shoat","was_the_animal_observed_as_road","alive","was_a_group_of_animals_observed","group_","distance_meters","60","bearing_degrees","220","how_many_animals_were_observed","16","observers","Tw2","coordinates","N01.11854E037.59598","habitat_","open_scrub","width_of_the_road",NA,NA,NA,NA,NA,NA,NA
"144","was_the_animal_observed_as_road","alive","was_a_group_of_animals_observed","group_","distance_meters","40","bearing_degrees","180","how_many_animals_were_observed","50","species_","livestock","livestock","shoat","observers","Tw2","coordinates","N01.10700E037.59015","habitat_","open_scrub","width_of_the_road",NA,NA,NA,NA,NA,NA,NA
"145","habitat_","open_scrub","width_of_the_road","single_lane","was_the_animal_observed_as_road","alive","was_a_group_of_animals_observed","group_","distance_meters","70","bearing_degrees","210","species_","livestock","how_many_animals_were_observed","30","livestock","shoat","observers","Tw2","_date",NA,NA,NA,NA,NA,NA,NA
"146","habitat_","open_scrub","width_of_the_road","single_lane","species_","livestock","livestock","cattle","observers","Tw2","_date","1583997006139","was_the_animal_observed_as_road","alive","was_a_group_of_animals_observed","group_","distance_meters","80","bearing_degrees","120","how_many_animals_were_observed",NA,NA,NA,NA,NA,NA,NA
"147","species_","wild_dog","was_the_animal_observed_as_road","roadkill","was_a_group_of_animals_observed","null","distance_meters","null","bearing_degrees","null","observers","Tw2","coordinates","01.02613E037.56434","habitat_","open_scrub","width_of_the_road","single_lane","approximate_number_of_days_sinc","2","approximate_age_of_individual","2","sex_of_animal",NA,NA,NA,NA,NA
"148","species_","bird","what_species_of_bird_was_observ","Ostrich","observers","Tw2","was_the_animal_observed_as_road","alive","was_a_group_of_animals_observed","individual","distance_meters","30","bearing_degrees","210","coordinates","N00.99118E037.57282","habitat_","open_scrub","width_of_the_road",NA,NA,NA,NA,NA,NA,NA,NA,NA
"149","species_","livestock","livestock","cattle","was_the_animal_observed_as_road","alive","was_a_group_of_animals_observed","group_","distance_meters","50","bearing_degrees","260","how_many_animals_were_observed","35","observers","Tw2","coordinates","N00.93229E037.57186","habitat_","open_scrub","width_of_the_road",NA,NA,NA,NA,NA,NA,NA
"150","species_","livestock","livestock","shoat","was_the_animal_observed_as_road","alive","was_a_group_of_animals_observed","group_","distance_meters","60","bearing_degrees","280","observers","Tw2","how_many_animals_were_observed","70","coordinates","N00.93100E037.57262","habitat_","open_scrub","width_of_the_road",NA,NA,NA,NA,NA,NA,NA
"151","species_","livestock","livestock","shoat","was_the_animal_observed_as_road","alive","was_a_group_of_animals_observed","group_","distance_meters","90","bearing_degrees","270","how_many_animals_were_observed","20","observers","Tw2","coordinates","N00.86221N037.56694","habitat_","open_scrub","width_of_the_road",NA,NA,NA,NA,NA,NA,NA
"152","species_","livestock","livestock","shoat","was_the_animal_observed_as_road","alive","was_a_group_of_animals_observed","group_","distance_meters","90","bearing_degrees","260","how_many_animals_were_observed","10","observers","Tw2","coordinates","N00.82727E037.56011","habitat_","open_scrub","width_of_the_road",NA,NA,NA,NA,NA,NA,NA
"153","species_","livestock","livestock","shoat","was_the_animal_observed_as_road","alive","was_a_group_of_animals_observed","group_","distance_meters","50","bearing_degrees","220","how_many_animals_were_observed","8","observers","Tw2","coordinates","N00.79409E037.55099","habitat_","open_scrub","width_of_the_road",NA,NA,NA,NA,NA,NA,NA
"154","_date","1584003600000","species_","livestock","livestock","shoat","was_the_animal_observed_as_road","alive","was_a_group_of_animals_observed","group_","distance_meters","40","bearing_degrees","210","how_many_animals_were_observed","60","observers","Tw2","habitat_","open_scrub","width_of_the_road",NA,NA,NA,NA,NA,NA,NA
"155","species_","livestock","livestock","cattle","was_the_animal_observed_as_road","alive","was_a_group_of_animals_observed","group_","distance_meters","50","bearing_degrees","260","how_many_animals_were_observed","80","observers","Tw2","coordinates","N0071888E037.60252","habitat_","open_scrub","width_of_the_road",NA,NA,NA,NA,NA,NA,NA
"156","species_","livestock","livestock","cattle","was_the_animal_observed_as_road","alive","was_a_group_of_animals_observed","group_","distance_meters","70","bearing_degrees","210","observers","Tw2","coordinates","N00.71085E037.60947","habitat_","open_scrub","width_of_the_road","single_lane","how_many_animals_were_observed",NA,NA,NA,NA,NA,NA,NA
"157","_date","1583999454505","species_","livestock","livestock","shoat","was_the_animal_observed_as_road","alive","was_a_group_of_animals_observed","group_","distance_meters","90","bearing_degrees","280","how_many_animals_were_observed","150","observers","Tw2","habitat_","open_scrub","width_of_the_road",NA,NA,NA,NA,NA,NA,NA
"158","species_","livestock","livestock","shoat","was_the_animal_observed_as_road","alive","was_a_group_of_animals_observed","group_","distance_meters","30","bearing_degrees","160","how_many_animals_were_observed","50","observers","Tw2","coordinates","N00.62547E037.67352","habitat_","open_scrub","width_of_the_road",NA,NA,NA,NA,NA,NA,NA
"159","species_","livestock","livestock","shoat","was_the_animal_observed_as_road","alive","was_a_group_of_animals_observed","group_","distance_meters","40","bearing_degrees","210","how_many_animals_were_observed","90","observers","Tw2","coordinates","N00.61312E037.67198","habitat_","open_scrub","width_of_the_road",NA,NA,NA,NA,NA,NA,NA
"160","species_","livestock","livestock","shoat","was_the_animal_observed_as_road","alive","was_a_group_of_animals_observed","group_","distance_meters","70","bearing_degrees","280","how_many_animals_were_observed","400","observers","Tw2","coordinates","N00.58776E037.67440","habitat_","open_scrub","width_of_the_road",NA,NA,NA,NA,NA,NA,NA
"161","species_","livestock","livestock","cattle","was_the_animal_observed_as_road","alive","approximate_number_of_days_sinc","null","approximate_age_of_individual","null","sex_of_animal","null","was_a_group_of_animals_observed","null","distance_meters","100","bearing_degrees","220","how_many_animals_were_observed","null","observers","Tw2","coordinates","N00.52011E037.65270","habitat_","open_scrub","width_of_the_road",NA
"162","species_","livestock","livestock","shoat","was_the_animal_observed_as_road","alive","was_a_group_of_animals_observed","group_","distance_meters","80","bearing_degrees","240","how_many_animals_were_observed","40","observers","Tw2","coordinates","N00.49710E037.63920","habitat_","open_scrub","width_of_the_road",NA,NA,NA,NA,NA,NA,NA
"163","species_","livestock","livestock","cattle","was_the_animal_observed_as_road","alive","was_a_group_of_animals_observed","group_","distance_meters","100","bearing_degrees","230","how_many_animals_were_observed","250","observers","Tw2","coordinates","N00.49486E037.63791","habitat_","open_scrub","width_of_the_road",NA,NA,NA,NA,NA,NA,NA
"164","species_","livestock","livestock","shoat","was_the_animal_observed_as_road","alive","was_a_group_of_animals_observed","group_","distance_meters","70","bearing_degrees","150","how_many_animals_were_observed","160","observers","Tw2","coordinates","N00.45430E037.61008","habitat_","open_scrub","width_of_the_road",NA,NA,NA,NA,NA,NA,NA
"165","species_","livestock","livestock","cattle","was_the_animal_observed_as_road","alive","was_a_group_of_animals_observed","group_","distance_meters","30","bearing_degrees","180","how_many_animals_were_observed","60","observers","Tw2","coordinates","N00.43505E037.60341","habitat_","open_scrub","width_of_the_road",NA,NA,NA,NA,NA,NA,NA
"166","species_","livestock","livestock","shoat","was_the_animal_observed_as_road","alive","was_a_group_of_animals_observed","group_","distance_meters","60","bearing_degrees","190","how_many_animals_were_observed","40","observers","Tw2","coordinates","N00.40632E037.59578","habitat_","open_scrub","width_of_the_road",NA,NA,NA,NA,NA,NA,NA
"167","species_","livestock","livestock","shoat","was_the_animal_observed_as_road","alive","was_a_group_of_animals_observed","group_","distance_meters","30","bearing_degrees","90","how_many_animals_were_observed","78","observers","TW2","coordinates","01.40894 037.71873","habitat_","open_scrub","width_of_the_road",NA,NA,NA,NA,NA,NA,NA
"168","species_","livestock","livestock","shoat","was_the_animal_observed_as_road","alive","was_a_group_of_animals_observed","group_","distance_meters","45","bearing_degrees","90","how_many_animals_were_observed","43","observers","Tw29","coordinates","90","habitat_","open_scrub","width_of_the_road",NA,NA,NA,NA,NA,NA,NA
"169","approximate_age_of_individual","null","approximate_number_of_days_sinc","null","bearing_degrees","180","coordinates","01.39923 037.72301","distance_meters","15","generated_note_survey","null","habitat_","open_scrub","how_many_animals_were_observed","90","livestock","cattle","observers","Tw2","sex_of_animal","null","species_","livestock","was_a_group_of_animals_observed","group_","was_the_animal_observed_as_road","alive,
    what_species_of_bird_was_observ"
"170","species_","livestock","livestock","shoat","was_the_animal_observed_as_road","alive","was_a_group_of_animals_observed","group_","distance_meters","30","bearing_degrees","270","how_many_animals_were_observed","50","observers","Tw2","coordinates","01.40698 037.71852","habitat_","open_scrub","width_of_the_road",NA,NA,NA,NA,NA,NA,NA
"171","species_","livestock","livestock","shoat","was_the_animal_observed_as_road","alive","was_a_group_of_animals_observed","group_","distance_meters","60","bearing_degrees","270","how_many_animals_were_observed","50","observers","TW2","coordinates","01.39923 037.72301","habitat_","open_scrub","width_of_the_road",NA,NA,NA,NA,NA,NA,NA
"172","observers","TW2","width_of_the_road","single_lane","was_the_animal_observed_as_road","alive","was_a_group_of_animals_observed","group_","distance_meters","15","bearing_degrees","90","how_many_animals_were_observed","35","species_","livestock","livestock","shoat","habitat_","mixed_shrubs_and_trees","coordinates",NA,NA,NA,NA,NA,NA,NA
"173","observers","TW2","width_of_the_road","single_lane","was_the_animal_observed_as_road","alive","was_a_group_of_animals_observed","group_","distance_meters","20","bearing_degrees","270","species_","livestock","livestock","shoat","how_many_animals_were_observed","9","coordinates","01.30529 037.68548","habitat_",NA,NA,NA,NA,NA,NA,NA
"174","species_","livestock","livestock","shoat","was_the_animal_observed_as_road","alive","was_a_group_of_animals_observed","group_","distance_meters","35","bearing_degrees","90","how_many_animals_were_observed","64","observers","TW2","coordinates","01.29297 037.68533","habitat_","commiphora_dominated","width_of_the_road",NA,NA,NA,NA,NA,NA,NA
"175","was_the_animal_observed_as_road","alive","was_a_group_of_animals_observed","group_","distance_meters","22","bearing_degrees","271","observers","TW2","width_of_the_road","single_lane","how_many_animals_were_observed","17","species_","livestock","livestock","cattle","habitat_","commiphora_dominated","coordinates",NA,NA,NA,NA,NA,NA,NA
"176","species_","livestock","livestock","shoat","was_the_animal_observed_as_road","alive","was_a_group_of_animals_observed","group_","distance_meters","20","bearing_degrees","90","how_many_animals_were_observed","23","observers","TW2 0","coordinates","01.16300 037.58525","habitat_","open_scrub","width_of_the_road",NA,NA,NA,NA,NA,NA,NA
"177","species_","livestock","livestock","shoat","was_the_animal_observed_as_road","alive","was_a_group_of_animals_observed","group_","distance_meters","47","bearing_degrees","275","how_many_animals_were_observed","110","observers","TW2","coordinates","01.14924 037.57668","habitat_","commiphora_dominated","width_of_the_road",NA,NA,NA,NA,NA,NA,NA
"178","species_","livestock","livestock","cattle","was_the_animal_observed_as_road","alive","was_a_group_of_animals_observed","group_","distance_meters","70","bearing_degrees","264","how_many_animals_were_observed","33","observers","TW2","coordinates","01.14022 037.59875","habitat_","commiphora_dominated","width_of_the_road",NA,NA,NA,NA,NA,NA,NA
"179","species_","livestock","livestock","shoat","was_the_animal_observed_as_road","alive","was_a_group_of_animals_observed","group_","distance_meters","70","bearing_degrees","30","how_many_animals_were_observed","37","observers","TW2","coordinates","1.10490 37.58834","habitat_","commiphora_dominated","width_of_the_road",NA,NA,NA,NA,NA,NA,NA
"180","species_","livestock","livestock","cattle","was_the_animal_observed_as_road","alive","was_a_group_of_animals_observed","group_","distance_meters","30","bearing_degrees","70","how_many_animals_were_observed","12","observers","TW2","coordinates","1.10490 37.58864","habitat_","commiphora_dominated","width_of_the_road",NA,NA,NA,NA,NA,NA,NA
"181","species_","livestock","livestock","camel","was_the_animal_observed_as_road","alive","was_a_group_of_animals_observed","group_","distance_meters","20","bearing_degrees","90","how_many_animals_were_observed","38","observers","TW2 1.07160","coordinates","1.07160 37. 56824","habitat_","commiphora_dominated","width_of_the_road",NA,NA,NA,NA,NA,NA,NA
"182","species_","bird","what_species_of_bird_was_observ","Batter eagle","observers","TW2","was_the_animal_observed_as_road","alive","was_a_group_of_animals_observed","individual","distance_meters","20","bearing_degrees","20","coordinates","1.05371 37.56204","habitat_","commiphora_dominated","width_of_the_road",NA,NA,NA,NA,NA,NA,NA,NA,NA
"183","species_","bird","what_species_of_bird_was_observ","Ostrich","observers","TW2","was_the_animal_observed_as_road","alive","was_a_group_of_animals_observed","individual","distance_meters","10","bearing_degrees","45","coordinates","1.01239 37.56522","habitat_","commiphora_dominated","width_of_the_road",NA,NA,NA,NA,NA,NA,NA,NA,NA
"184","species_","bird","what_species_of_bird_was_observ","Ostrich","was_the_animal_observed_as_road","alive","was_a_group_of_animals_observed","group_","distance_meters","30","bearing_degrees","30","observers","TW2","how_many_animals_were_observed","2","coordinates","1.00458 37.56704","habitat_","commiphora_dominated","width_of_the_road",NA,NA,NA,NA,NA,NA,NA
"185","species_","bird","what_species_of_bird_was_observ","Ostrich","observers","TW2","was_the_animal_observed_as_road","alive","was_a_group_of_animals_observed","group_","distance_meters","5","bearing_degrees","60","how_many_animals_were_observed","9","coordinates","0.99789 37.56823","habitat_","commiphora_dominated","width_of_the_road",NA,NA,NA,NA,NA,NA,NA
"186","observers","TW2","species_","bird","what_species_of_bird_was_observ","Ostrich","was_the_animal_observed_as_road","alive","was_a_group_of_animals_observed","group_","distance_meters","10","bearing_degrees","40","how_many_animals_were_observed","6","coordinates","0.98185 37.57776","habitat_","dense_scrub","width_of_the_road",NA,NA,NA,NA,NA,NA,NA
"187","species_","livestock","livestock","cattle","was_the_animal_observed_as_road","alive","was_a_group_of_animals_observed","group_","distance_meters","40","bearing_degrees","70","how_many_animals_were_observed","43","observers","TW2","coordinates","0.95882 37.57708","habitat_","dense_scrub","width_of_the_road",NA,NA,NA,NA,NA,NA,NA
"188","species_","jackal","was_the_animal_observed_as_road","roadkill","approximate_number_of_days_sinc","1","approximate_age_of_individual","4","sex_of_animal","can_not_tell","observers","TW2","coordinates","0.94667 037.57542","habitat_","mixed_shrubs_and_trees","width_of_the_road",NA,NA,NA,NA,NA,NA,NA,NA,NA,NA,NA
"189","species_","livestock","livestock","camel","was_the_animal_observed_as_road","alive","was_a_group_of_animals_observed","group_","distance_meters","50","bearing_degrees","340","how_many_animals_were_observed","12","observers","TW2","coordinates","0.89754 37.56003","habitat_","acacia _reficiens_dominated","width_of_the_road",NA,NA,NA,NA,NA,NA,NA
"190","species_","livestock","livestock","camel","was_the_animal_observed_as_road","alive","was_a_group_of_animals_observed","group_","distance_meters","100","bearing_degrees","30","how_many_animals_were_observed","10","observers","TW2","coordinates","0.83051 37.56134","habitat_","mixed_shrubs_and_trees","width_of_the_road",NA,NA,NA,NA,NA,NA,NA
"191","species_","livestock","livestock","shoat","was_the_animal_observed_as_road","alive","was_a_group_of_animals_observed","group_","distance_meters","20","bearing_degrees","240","how_many_animals_were_observed","40","observers","TW2","habitat_","acacia _reficiens_dominated","width_of_the_road","single_lane","coordinates",NA,NA,NA,NA,NA,NA,NA
"192","species_","livestock","livestock","camel","was_the_animal_observed_as_road","alive","was_a_group_of_animals_observed","group_","distance_meters","10","bearing_degrees","260","how_many_animals_were_observed","15","observers","TW2","habitat_","acacia _reficiens_dominated","width_of_the_road","single_lane","coordinates",NA,NA,NA,NA,NA,NA,NA
"193","species_","livestock","livestock","shoat","was_the_animal_observed_as_road","alive","was_a_group_of_animals_observed","group_","distance_meters","70","bearing_degrees","300","how_many_animals_were_observed","150","observers","TW2","coordinates","0.72668 37.59887","habitat_","acacia _reficiens_dominated","width_of_the_road",NA,NA,NA,NA,NA,NA,NA
"194","species_","livestock","livestock","shoat","was_the_animal_observed_as_road","alive","was_a_group_of_animals_observed","group_","distance_meters","170","bearing_degrees","60","how_many_animals_were_observed","50","observers","TW2","coordinates","0.72312 37.59897","habitat_","acacia _reficiens_dominated","width_of_the_road",NA,NA,NA,NA,NA,NA,NA
"195","species_","livestock","livestock","camel","was_the_animal_observed_as_road","alive","was_a_group_of_animals_observed","individual","distance_meters","30","bearing_degrees","340","observers","TW2","coordinates","0.71081 37.60650","habitat_","acacia _reficiens_dominated","width_of_the_road",NA,NA,NA,NA,NA,NA,NA,NA,NA
"196","species_","livestock","livestock","shoat","was_the_animal_observed_as_road","alive","was_a_group_of_animals_observed","group_","distance_meters","50","bearing_degrees","70","how_many_animals_were_observed","12","observers","TW2","coordinates","0.70970 37.61046","habitat_","seasonal_permanent_H2O_source","width_of_the_road",NA,NA,NA,NA,NA,NA,NA
"197","species_","livestock","livestock","shoat","was_the_animal_observed_as_road","alive","was_a_group_of_animals_observed","group_","distance_meters","130","bearing_degrees","320","how_many_animals_were_observed","300","observers","TW2","coordinates","0.69414 37.62464","habitat_","open_scrub","width_of_the_road",NA,NA,NA,NA,NA,NA,NA
"198","species_","livestock","livestock","shoat","was_the_animal_observed_as_road","alive","was_a_group_of_animals_observed","group_","distance_meters","30","bearing_degrees","20","how_many_animals_were_observed","150","observers","TW2","coordinates","0.68178 37.63515","width_of_the_road","single_lane","habitat_",NA,NA,NA,NA,NA,NA,NA
"199","species_","livestock","livestock","shoat","was_the_animal_observed_as_road","alive","was_a_group_of_animals_observed","group_","distance_meters","90","bearing_degrees","190","how_many_animals_were_observed","78","observers","TW2","coordinates","0.66821 37.64323","habitat_","open_scrub","width_of_the_road",NA,NA,NA,NA,NA,NA,NA
"200","observers","Tw2","species_","livestock","livestock","shoat","was_the_animal_observed_as_road","alive","was_a_group_of_animals_observed","group_","distance_meters","16","bearing_degrees","90","how_many_animals_were_observed","200","coordinates","01.58698 037.67460","habitat_","open_scrub","width_of_the_road",NA,NA,NA,NA,NA,NA,NA
"201","species_","livestock","livestock","shoat","was_the_animal_observed_as_road","alive","was_a_group_of_animals_observed","group_","distance_meters","10","bearing_degrees","90","how_many_animals_were_observed","50","observers","Tw2","coordinates","01.58300 37.67556","habitat_","open_scrub","width_of_the_road",NA,NA,NA,NA,NA,NA,NA
"202","species_","livestock","livestock","cattle","was_the_animal_observed_as_road","alive","was_a_group_of_animals_observed","group_","distance_meters","15","bearing_degrees","90","how_many_animals_were_observed","30","observers","Tw2","coordinates","00.55445 37.67146","habitat_","open_scrub","width_of_the_road",NA,NA,NA,NA,NA,NA,NA
"203","species_","livestock","livestock","shoat","was_the_animal_observed_as_road","alive","was_a_group_of_animals_observed","group_","distance_meters","20","bearing_degrees","90","observers","TW2","how_many_animals_were_observed","150","coordinates","01.52203 37.65388","habitat_","open_scrub","width_of_the_road",NA,NA,NA,NA,NA,NA,NA
"204","observers","Tw2","species_","livestock","livestock","cattle","was_the_animal_observed_as_road","alive","was_a_group_of_animals_observed","group_","distance_meters","20","bearing_degrees","90","how_many_animals_were_observed","45","coordinates","01.2065 37.65305","habitat_","open_scrub","width_of_the_road",NA,NA,NA,NA,NA,NA,NA
"205","species_","livestock","livestock","shoat","was_the_animal_observed_as_road","alive","was_a_group_of_animals_observed","group_","distance_meters","10","bearing_degrees","90","how_many_animals_were_observed","40","observers","Tw2","coordinates","01.49712 37.63923","habitat_","open_scrub","width_of_the_road",NA,NA,NA,NA,NA,NA,NA
"206","species_","livestock","livestock","shoat","was_the_animal_observed_as_road","alive","was_a_group_of_animals_observed","group_","distance_meters","15","bearing_degrees","90","how_many_animals_were_observed","20","observers","Tw2","coordinates","01.49061 37.63552","width_of_the_road","single_lane","habitat_",NA,NA,NA,NA,NA,NA,NA
"207","species_","livestock","livestock","shoat","was_the_animal_observed_as_road","alive","was_a_group_of_animals_observed","group_","distance_meters","15","bearing_degrees","90","how_many_animals_were_observed","12","observers","Tw2","coordinates","01.47371 37.62601","width_of_the_road","single_lane","habitat_",NA,NA,NA,NA,NA,NA,NA
"208","observers","Tw2","species_","livestock","livestock","cattle","was_the_animal_observed_as_road","alive","was_a_group_of_animals_observed","group_","distance_meters","15","bearing_degrees","90","how_many_animals_were_observed","20","coordinates","01.47082 37.62285","habitat_","open_scrub","width_of_the_road",NA,NA,NA,NA,NA,NA,NA
"209","species_","livestock","livestock","shoat","was_the_animal_observed_as_road","alive","was_a_group_of_animals_observed","group_","distance_meters","20","bearing_degrees","90","how_many_animals_were_observed","200","observers","Tw2","coordinates","01.44886 37.68820","habitat_","open_scrub","width_of_the_road",NA,NA,NA,NA,NA,NA,NA
"210","bearing_degrees","90","coordinates","00.41326 37.69700","distance_meters","10","habitat_","open_scrub","how_many_animals_were_observed","10","livestock","shoat","observers","Tw2","species_","livestock","was_a_group_of_animals_observed","group_","was_the_animal_observed_as_road","alive","width_of_the_road","single_lane","generated_note_survey","null","what_species_of_bird_was_observ","null","approximate_number_of_days_sinc","null,
    approximate_age_of_individual"
"211","species_","livestock","livestock","cattle","was_the_animal_observed_as_road","alive","was_a_group_of_animals_observed","group_","distance_meters","20","bearing_degrees","90","how_many_animals_were_observed","20","observers","Tw2","coordinates","01.39238 37.59278","habitat_","open_scrub","width_of_the_road",NA,NA,NA,NA,NA,NA,NA
"212","species_","livestock","livestock","shoat","was_the_animal_observed_as_road","alive","was_a_group_of_animals_observed","group_","distance_meters","15","bearing_degrees","90","how_many_animals_were_observed","150","observers","Tw2","coordinates","00.39238 37.59278","habitat_","open_scrub","width_of_the_road",NA,NA,NA,NA,NA,NA,NA
"213","approximate_age_of_individual","7","approximate_number_of_days_sinc","1","bearing_degrees","null","coordinates","01.09350 037.57530","distance_meters","null","generated_note_survey","null","habitat_","open_scrub","how_many_animals_were_observed","null","livestock","null","observers","TW2","sex_of_animal","can_not_tell","species_","bird","was_a_group_of_animals_observed","null","was_the_animal_observed_as_road","roadkill,
    what_species_of_bird_was_observ"
"214","species_","giraffe","was_the_animal_observed_as_road","alive","was_a_group_of_animals_observed","individual","distance_meters","200","bearing_degrees","300","observers","TW2","coordinates","1.04542 37.42052","width_of_the_road","single_lane","habitat_",NA,NA,NA,NA,NA,NA,NA,NA,NA,NA,NA
"215","species_","livestock","livestock","camel","was_the_animal_observed_as_road","alive","was_a_group_of_animals_observed","group_","distance_meters","70","bearing_degrees","30","how_many_animals_were_observed","43","observers","TW2","coordinates","1.29014 37.68479","habitat_","open_scrub","width_of_the_road",NA,NA,NA,NA,NA,NA,NA
"216","species_","livestock","livestock","cattle","was_the_animal_observed_as_road","alive","was_a_group_of_animals_observed","group_","distance_meters","90","bearing_degrees","200","how_many_animals_were_observed","56","observers","TW2","habitat_","commiphora_dominated","width_of_the_road","single_lane","coordinates",NA,NA,NA,NA,NA,NA,NA
"217","species_","gerenuk","was_the_animal_observed_as_road","alive","was_a_group_of_animals_observed","group_","distance_meters","60","bearing_degrees","40","how_many_animals_were_observed","5","observers","TW2","coordinates","1.19442 37.61012","habitat_","commiphora_dominated","width_of_the_road",NA,NA,NA,NA,NA,NA,NA,NA,NA
"218","was_the_animal_observed_as_road","alive","was_a_group_of_animals_observed","group_","distance_meters","70","bearing_degrees","340","species_","gerenuk","how_many_animals_were_observed","2","observers","TW2","coordinates","1.18787 37.59267","habitat_","commiphora_dominated","width_of_the_road",NA,NA,NA,NA,NA,NA,NA,NA,NA
"219","species_","gerenuk","was_the_animal_observed_as_road","alive","was_a_group_of_animals_observed","individual","distance_meters","80","bearing_degrees","60","observers","TW2","coordinates","1.16816 37.58171","habitat_","commiphora_dominated","width_of_the_road",NA,NA,NA,NA,NA,NA,NA,NA,NA,NA,NA
"220","species_","livestock","livestock","camel","was_the_animal_observed_as_road","alive","was_a_group_of_animals_observed","group_","distance_meters","20","bearing_degrees","170","how_many_animals_were_observed","45","observers","TW2","habitat_","commiphora_dominated","width_of_the_road","single_lane","coordinates",NA,NA,NA,NA,NA,NA,NA
"221","species_","livestock","livestock","shoat","was_the_animal_observed_as_road","alive","was_a_group_of_animals_observed","group_","distance_meters","30","bearing_degrees","300","how_many_animals_were_observed","340","observers","TW2","coordinates","0.91318 37.56443","habitat_","mixed_shrubs_and_trees","width_of_the_road",NA,NA,NA,NA,NA,NA,NA
"222","species_","baboon","was_the_animal_observed_as_road","alive","was_a_group_of_animals_observed","group_","distance_meters","30","bearing_degrees","180","how_many_animals_were_observed","55","observers","TW2","coordinates","0.86183 37.56706","habitat_","mixed_shrubs_and_trees","width_of_the_road",NA,NA,NA,NA,NA,NA,NA,NA,NA
"223","species_","livestock","livestock","camel","was_the_animal_observed_as_road","alive","was_a_group_of_animals_observed","group_","distance_meters","200","bearing_degrees","20","observers","TW2","how_many_animals_were_observed","13","coordinates","0.84765 37.56964","habitat_","dense_lagga_vegetation","width_of_the_road",NA,NA,NA,NA,NA,NA,NA
"224","bearing_degrees","80","coordinates","0.83933 37.56627","distance_meters","50","habitat_","mixed_shrubs_and_trees","how_many_animals_were_observed","4","livestock","camel","observers","TW2","species_","livestock","was_a_group_of_animals_observed","group_","was_the_animal_observed_as_road","alive","width_of_the_road","single_lane","generated_note_survey","null","what_species_of_bird_was_observ","null","approximate_number_of_days_sinc","null,
    approximate_age_of_individual"
"225","species_","livestock","livestock","camel","was_the_animal_observed_as_road","alive","was_a_group_of_animals_observed","group_","distance_meters","40","bearing_degrees","230","how_many_animals_were_observed","6","observers","TW2","coordinates","0.83169 37.56166","habitat_","acacia _reficiens_dominated","width_of_the_road",NA,NA,NA,NA,NA,NA,NA
"226","species_","livestock","livestock","shoat","was_the_animal_observed_as_road","alive","was_a_group_of_animals_observed","group_","distance_meters","30","bearing_degrees","150","how_many_animals_were_observed","320","observers","TW2","coordinates","0.75000 37.57532","habitat_","acacia _reficiens_dominated","width_of_the_road",NA,NA,NA,NA,NA,NA,NA
"227","species_","livestock","livestock","cattle","was_the_animal_observed_as_road","alive","was_a_group_of_animals_observed","group_","distance_meters","30","bearing_degrees","90","how_many_animals_were_observed","6","observers","TW2","coordinates","0.74095 37.58327","habitat_","acacia _reficiens_dominated","width_of_the_road",NA,NA,NA,NA,NA,NA,NA
"228","species_","warthog","was_the_animal_observed_as_road","alive","was_a_group_of_animals_observed","group_","distance_meters","70","bearing_degrees","180","how_many_animals_were_observed","5","observers","TW2","coordinates","0.73158 37.59151","habitat_","acacia _reficiens_dominated","width_of_the_road",NA,NA,NA,NA,NA,NA,NA,NA,NA
"229","species_","livestock","livestock","shoat","was_the_animal_observed_as_road","alive","was_a_group_of_animals_observed","group_","distance_meters","50","bearing_degrees","40","how_many_animals_were_observed","70","observers","TW2","coordinates","0.72416 37.59796","habitat_","acacia _reficiens_dominated","width_of_the_road",NA,NA,NA,NA,NA,NA,NA
"230","species_","livestock","livestock","cattle","was_the_animal_observed_as_road","alive","was_a_group_of_animals_observed","group_","distance_meters","30","bearing_degrees","200","how_many_animals_were_observed","34","observers","TW2","coordinates","0.71556 37.60540","habitat_","acacia _reficiens_dominated","width_of_the_road",NA,NA,NA,NA,NA,NA,NA
"231","species_","livestock","livestock","shoat","was_the_animal_observed_as_road","alive","was_a_group_of_animals_observed","group_","distance_meters","30","bearing_degrees","60","how_many_animals_were_observed","45","observers","TW2","coordinates","0.69955 37.61916","habitat_","open_scrub","width_of_the_road",NA,NA,NA,NA,NA,NA,NA
"232","species_","livestock","livestock","shoat","was_the_animal_observed_as_road","alive","was_a_group_of_animals_observed","group_","distance_meters","100","bearing_degrees","20","how_many_animals_were_observed","300","observers","TW2","coordinates","0.69153 37.62822","habitat_","open_scrub","width_of_the_road",NA,NA,NA,NA,NA,NA,NA
"233","species_","livestock","livestock","shoat","was_the_animal_observed_as_road","alive","was_a_group_of_animals_observed","group_","distance_meters","40","bearing_degrees","80","how_many_animals_were_observed","67","observers","TW2","coordinates","0.67821 37.63754","habitat_","open_scrub","width_of_the_road",NA,NA,NA,NA,NA,NA,NA
"234","species_","livestock","livestock","cattle","was_the_animal_observed_as_road","alive","was_a_group_of_animals_observed","group_","distance_meters","130","bearing_degrees","240","how_many_animals_were_observed","4","observers","TW2","coordinates","0.53738 37.66316","habitat_","open_scrub","width_of_the_road",NA,NA,NA,NA,NA,NA,NA
"235","species_","livestock","livestock","shoat","was_the_animal_observed_as_road","alive","was_a_group_of_animals_observed","group_","distance_meters","123","bearing_degrees","170","how_many_animals_were_observed","56","observers","TW2","coordinates","0.52303 37.65449","habitat_","disturbed_human_buildings","width_of_the_road",NA,NA,NA,NA,NA,NA,NA
"236","species_","livestock","livestock","shoat","was_the_animal_observed_as_road","alive","was_a_group_of_animals_observed","group_","distance_meters","30","bearing_degrees","300","how_many_animals_were_observed","12","observers","TW2","coordinates","0.49285 37.63677","habitat_","open_scrub","width_of_the_road",NA,NA,NA,NA,NA,NA,NA
"237","species_","livestock","livestock","cattle","was_the_animal_observed_as_road","alive","was_a_group_of_animals_observed","group_","distance_meters","60","bearing_degrees","320","how_many_animals_were_observed","12","observers","TW2","coordinates","0.38871 37.59200","habitat_","disturbed_human_buildings","width_of_the_road",NA,NA,NA,NA,NA,NA,NA
"238","species_","mongoose","was_the_animal_observed_as_road","roadkill","approximate_number_of_days_sinc","1","approximate_age_of_individual","2","sex_of_animal","can_not_tell","observers","TW2","coordinates","0.75661 37.56990","habitat_","commiphora_dominated","width_of_the_road",NA,NA,NA,NA,NA,NA,NA,NA,NA,NA,NA
"239","species_","bird","what_species_of_bird_was_observ","Guiney fowl","observers","TW2","was_the_animal_observed_as_road","alive","was_a_group_of_animals_observed","group_","distance_meters","30","bearing_degrees","300","how_many_animals_were_observed","32","coordinates","1.23372 37.66877","habitat_","mixed_shrubs_and_trees","width_of_the_road",NA,NA,NA,NA,NA,NA,NA
"240","species_","dik_dik","was_the_animal_observed_as_road","alive","was_a_group_of_animals_observed","individual","distance_meters","120","bearing_degrees","45","how_many_animals_were_observed","null","observers","TW2","coordinates","1.21335 37.63846","habitat_","commiphora_dominated","width_of_the_road",NA,NA,NA,NA,NA,NA,NA,NA,NA
"241","species_","bird","what_species_of_bird_was_observ","Ostrich","observers","TW2","was_the_animal_observed_as_road","alive","was_a_group_of_animals_observed","individual","distance_meters","40","bearing_degrees","90","coordinates","0.96927 37.57951","habitat_","commiphora_dominated","width_of_the_road",NA,NA,NA,NA,NA,NA,NA,NA,NA
"242","species_","bird","what_species_of_bird_was_observ","Ostrich","observers","TW2","was_the_animal_observed_as_road","alive","was_a_group_of_animals_observed","individual","distance_meters","70","bearing_degrees","240","coordinates","0.96353 37.57812","habitat_","commiphora_dominated","width_of_the_road",NA,NA,NA,NA,NA,NA,NA,NA,NA
"243","species_","livestock","livestock","shoat","was_the_animal_observed_as_road","alive","was_a_group_of_animals_observed","group_","distance_meters","80","bearing_degrees","140","how_many_animals_were_observed","52","observers","TW2","coordinates","0.91025 37.56316","habitat_","open_scrub","width_of_the_road",NA,NA,NA,NA,NA,NA,NA
"244","species_","livestock","livestock","shoat","was_the_animal_observed_as_road","alive","was_a_group_of_animals_observed","group_","distance_meters","20","bearing_degrees","340","how_many_animals_were_observed","34","observers","TW2","coordinates","0.89386 37.56020","habitat_","commiphora_dominated","width_of_the_road",NA,NA,NA,NA,NA,NA,NA
"245","species_","livestock","livestock","cattle","was_the_animal_observed_as_road","alive","was_a_group_of_animals_observed","group_","distance_meters","50","bearing_degrees","300","how_many_animals_were_observed","2","observers","TW2","coordinates","0.87719 37.56320","habitat_","dense_scrub","width_of_the_road",NA,NA,NA,NA,NA,NA,NA
"246","species_","livestock","livestock","cattle","was_the_animal_observed_as_road","alive","was_a_group_of_animals_observed","group_","distance_meters","5","bearing_degrees","180","how_many_animals_were_observed","23","observers","TW2","coordinates","0.82863 37.56067","habitat_","acacia _reficiens_dominated","width_of_the_road",NA,NA,NA,NA,NA,NA,NA
"247","species_","livestock","livestock","camel","was_the_animal_observed_as_road","alive","was_a_group_of_animals_observed","group_","distance_meters","10","bearing_degrees","170","how_many_animals_were_observed","38","observers","TW2","habitat_","acacia _reficiens_dominated","width_of_the_road","single_lane","coordinates",NA,NA,NA,NA,NA,NA,NA
"248","species_","livestock","livestock","cattle","was_the_animal_observed_as_road","alive","was_a_group_of_animals_observed","group_","distance_meters","5","bearing_degrees","160","how_many_animals_were_observed","45","observers","TW2","coordinates","0.77545 37.55637","habitat_","disturbed_human_buildings","width_of_the_road",NA,NA,NA,NA,NA,NA,NA
"249","species_","livestock","livestock","shoat","was_the_animal_observed_as_road","alive","was_a_group_of_animals_observed","group_","distance_meters","120","bearing_degrees","100","how_many_animals_were_observed","156","observers","TW2","habitat_","acacia _reficiens_dominated","coordinates","0.73674 37.58695","width_of_the_road",NA,NA,NA,NA,NA,NA,NA
"250","species_","bird","what_species_of_bird_was_observ","Guineafowl","was_the_animal_observed_as_road","roadkill","was_a_group_of_animals_observed","null","distance_meters","null","bearing_degrees","null","approximate_number_of_days_sinc","1","approximate_age_of_individual","2","sex_of_animal","can_not_tell","observers","TW2","coordinates","0.71889 37.60254","habitat_","acacia _reficiens_dominated","width_of_the_road",NA,NA,NA
"251","species_","livestock","livestock","shoat","was_the_animal_observed_as_road","alive","was_a_group_of_animals_observed","group_","distance_meters","230","bearing_degrees","70","how_many_animals_were_observed","130","observers","TW2","coordinates","0.67891 37.63707","habitat_","open_scrub","width_of_the_road",NA,NA,NA,NA,NA,NA,NA
"252","species_","livestock","livestock","shoat","was_the_animal_observed_as_road","alive","was_a_group_of_animals_observed","group_","distance_meters","50","bearing_degrees","280","how_many_animals_were_observed","240","observers","TW2","coordinates","0.64902 37.64937","habitat_","disturbed_human_buildings","width_of_the_road",NA,NA,NA,NA,NA,NA,NA
"253","species_","livestock","livestock","shoat","was_the_animal_observed_as_road","alive","was_a_group_of_animals_observed","group_","distance_meters","70","bearing_degrees","280","how_many_animals_were_observed","22","observers","TW2","coordinates","0.51324 37.64824","habitat_","disturbed_human_buildings","width_of_the_road",NA,NA,NA,NA,NA,NA,NA
"254","species_","livestock","livestock","cattle","was_the_animal_observed_as_road","alive","was_a_group_of_animals_observed","group_","distance_meters","20","bearing_degrees","20","how_many_animals_were_observed","14","observers","TW2","coordinates","0.49930 37.64045","habitat_","disturbed_human_buildings","width_of_the_road",NA,NA,NA,NA,NA,NA,NA
"255","species_","livestock","livestock","shoat","was_the_animal_observed_as_road","alive","was_a_group_of_animals_observed","group_","distance_meters","60","bearing_degrees","300","how_many_animals_were_observed","13","observers","TW2","coordinates","0.47620 37.62799","habitat_","disturbed_human_buildings","width_of_the_road",NA,NA,NA,NA,NA,NA,NA
"256","species_","livestock","livestock","cattle","was_the_animal_observed_as_road","alive","was_a_group_of_animals_observed","group_","distance_meters","70","bearing_degrees","230","how_many_animals_were_observed","9","observers","TW2","coordinates","0.46168 37.61361","habitat_","disturbed_human_buildings","width_of_the_road",NA,NA,NA,NA,NA,NA,NA
"257","species_","livestock","livestock","shoat","was_the_animal_observed_as_road","alive","was_a_group_of_animals_observed","group_","distance_meters","200","bearing_degrees","320","how_many_animals_were_observed","27","observers","TW2","coordinates","0.43407 37.60311","habitat_","disturbed_human_buildings","width_of_the_road",NA,NA,NA,NA,NA,NA,NA
"258","species_","livestock","livestock","shoat","was_the_animal_observed_as_road","alive","was_a_group_of_animals_observed","group_","distance_meters","10","bearing_degrees","30","how_many_animals_were_observed","8","observers","TW2","coordinates","0.41999 37.59856","habitat_","mixed_shrubs_and_trees","width_of_the_road",NA,NA,NA,NA,NA,NA,NA
"259","species_","livestock","livestock","camel","was_the_animal_observed_as_road","alive","was_a_group_of_animals_observed","group_","distance_meters","30","bearing_degrees","100","how_many_animals_were_observed","6","observers","TW2","coordinates","0.40606 37.59573","habitat_","mixed_shrubs_and_trees","width_of_the_road",NA,NA,NA,NA,NA,NA,NA
"260","species_","livestock","livestock","shoat","was_the_animal_observed_as_road","alive","was_a_group_of_animals_observed","group_","distance_meters","30","bearing_degrees","180","how_many_animals_were_observed","89","observers","TW2","coordinates","0.39768 37.59391","habitat_","disturbed_human_buildings","width_of_the_road",NA,NA,NA,NA,NA,NA,NA
"261","species_","livestock","livestock","cattle","was_the_animal_observed_as_road","alive","was_a_group_of_animals_observed","group_","distance_meters","30","bearing_degrees","180","how_many_animals_were_observed","null","observers","TW2","coordinates","0.39768 37.59391","habitat_","disturbed_human_buildings","width_of_the_road",NA,NA,NA,NA,NA,NA,NA
